<?xml version="1.1" encoding="UTF-8"?>
<expression:EMFExpression xmi:version="2.0" xmlns:xmi="http://www.omg.org/XMI" xmlns:expression="http:///expression.ecore" id="tMap_1=>" expression="row1.Longitude &lt; 0">
  <variables name="row1.Number" value="null" talendType="id_Integer" nullable="true"/>
  <variables name="row1.Gender" value="null" talendType="id_String" nullable="true"/>
  <variables name="row1.NameSet" value="null" talendType="id_String" nullable="true"/>
  <variables name="row1.Title" value="null" talendType="id_String" nullable="true"/>
  <variables name="row1.GivenName" value="null" talendType="id_String" nullable="true"/>
  <variables name="row1.MiddleInitial" value="null" talendType="id_String" nullable="true"/>
  <variables name="row1.Surname" value="null" talendType="id_String" nullable="true"/>
  <variables name="row1.AmountPaid" value="null" talendType="id_Float" nullable="true"/>
  <variables name="row1.StreetAddress" value="null" talendType="id_String" nullable="true"/>
  <variables name="row1.City" value="null" talendType="id_String" nullable="true"/>
  <variables name="row1.State" value="null" talendType="id_String" nullable="true"/>
  <variables name="row1.StateFull" value="null" talendType="id_String" nullable="true"/>
  <variables name="row1.ZipCode" value="null" talendType="id_String" nullable="true"/>
  <variables name="row1.Country" value="null" talendType="id_String" nullable="true"/>
  <variables name="row1.CountryFull" value="null" talendType="id_String" nullable="true"/>
  <variables name="row1.Feedback" value="null" talendType="id_String" nullable="true"/>
  <variables name="row1.EmailAddress" value="null" talendType="id_String" nullable="true"/>
  <variables name="row1.Username" value="null" talendType="id_String" nullable="true"/>
  <variables name="row1.Password" value="null" talendType="id_String" nullable="true"/>
  <variables name="row1.BrowserUserAgent" value="null" talendType="id_String" nullable="true"/>
  <variables name="row1.TelephoneNumber" value="null" talendType="id_String" nullable="true"/>
  <variables name="row1.TelephoneCountryCode" value="null" talendType="id_Integer" nullable="true"/>
  <variables name="row1.MothersMaiden" value="null" talendType="id_String" nullable="true"/>
  <variables name="row1.Birthday" value="null" talendType="id_Date" nullable="true"/>
  <variables name="row1.TropicalZodiac" value="null" talendType="id_String" nullable="true"/>
  <variables name="row1.CCType" value="null" talendType="id_String" nullable="true"/>
  <variables name="row1.CCNumber" value="null" talendType="id_Long" nullable="true"/>
  <variables name="row1.CVV2" value="null" talendType="id_String" nullable="true"/>
  <variables name="row1.CCExpires" value="null" talendType="id_String" nullable="true"/>
  <variables name="row1.NationalID" value="null" talendType="id_String" nullable="true"/>
  <variables name="row1.UPS" value="null" talendType="id_String" nullable="true"/>
  <variables name="row1.WesternUnionMTCN" value="null" talendType="id_String" nullable="true"/>
  <variables name="row1.MoneyGramMTCN" value="null" talendType="id_String" nullable="true"/>
  <variables name="row1.Color" value="null" talendType="id_String" nullable="true"/>
  <variables name="row1.Occupation" value="null" talendType="id_String" nullable="true"/>
  <variables name="row1.Company" value="null" talendType="id_String" nullable="true"/>
  <variables name="row1.Vehicle" value="null" talendType="id_String" nullable="true"/>
  <variables name="row1.Domain" value="null" talendType="id_String" nullable="true"/>
  <variables name="row1.BloodType" value="null" talendType="id_String" nullable="true"/>
  <variables name="row1.Pounds" value="null" talendType="id_Float" nullable="true"/>
  <variables name="row1.Kilograms" value="null" talendType="id_Float" nullable="true"/>
  <variables name="row1.FeetInches" value="null" talendType="id_String" nullable="true"/>
  <variables name="row1.Centimeters" value="null" talendType="id_Integer" nullable="true"/>
  <variables name="row1.GUID" value="null" talendType="id_String" nullable="true"/>
  <variables name="row1.Latitude" value="null" talendType="id_Double" nullable="true"/>
  <variables name="row1.Longitude" value="null" talendType="id_Float" nullable="true"/>
  <variables name="name46" value="value46"/>
  <variables name="StringHandling.LEN(row1.Longitude) &lt; 0 " value="null" talendType="id_String"/>
</expression:EMFExpression>
